{
  "a_2_trimmed": 114.84375,
  "o_1_trimmed": 103.76470588235294,
  "o_2_trimmed": 127.08933717579251,
  "a_1_trimmed": 97.78270509977827,
  "i_2_trimmed": 110.25,
  "i_1_trimmed": 97.78270509977827
}